{"cameraMode":{"drawMode":0,"name":"Shaded","section":"Shading Mode"},"sceneLighting":true,"audioPlay":false,"sceneViewState":{"showFog":false,"showMaterialUpdate":false,"showSkybox":false,"showFlares":false,"showImageEffects":false,"showParticleSystems":true},"in2DMode":false,"pivot":{"x":18.242000579833986,"y":-14.880000114440918,"z":18.739999771118165},"rotation":{"x":0.09558316320180893,"y":-0.07458469271659851,"z":0.007182208821177483,"w":0.9925973415374756},"size":4.1907639503479,"orthographic":true}